id,winner_model_a,winner_model_b,winner_tie
136060,0.34203345,0.32308054,0.33488604
211333,0.36424986,0.3229045,0.31284565
1233961,0.3108464,0.33294037,0.35621318
